{
  "name": "FlyingPress",
  "slug": "flying-press",
  "author": "<a href='https://flyingpress.com'>FlyingPress</a>",
  "author_profile": "https://flyingpress.com",
  "version": "4.15.4",
  "requires": "4.7",
  "tested": "6.6.2",
  "requires_php": "7.4",
  "sections": {
    "description": "Lightning-Fast WordPress on Autopilot",
    "changelog": "<h4>4.15.4 - 22 October, 2024</h4><ul><li> Fix: Incorrect rewriting of internal SVG reference URLs caused broken styles in CSS minify</li><li> Fix: An error while generating srcset for responsive images in certain cases </li></ul><p>Full changelog: <a href='https://flyingpress.com/changelog/'>flyingpress.com/changelog</a></p>"
  }
}
